Amazon,9788129135292
Amazon,9788129135421
Amazon,9788129135421
Amazon,9788129135421
Amazon,9788129135421
Amazon,9788129135421
Amazon,9788129135421
Amazon,9788129135681
Amazon,9788129135698
Amazon,9788129135742
Amazon,9788129135421
Amazon,9788129135421
Amazon,9788129135681
Amazon,9788129135421
Amazon,9788129135421
Amazon,9788129135421
Amazon,9788129135421
Amazon,9788129135698
Amazon,9788129135742
Amazon,9788129135742
Amazon,9788129136930
Amazon,9788129136978
Amazon,9788129137623
Amazon,9788129137623
Amazon,9788129139603
Amazon,9788129139603
